{"accuracy": 0.9866499900817871, "loss": 0.04818257316946983, "time_real": 47.1044237613678, "time_process": 160.105441074}